pdb_id,peptide_id,sample,start,end,length,zscore,sequence
6xr8,6120.0,1,541,579,39,3.72,FNFNGLTGTGVLTESNKKFLPFQQFGRDIADTTDAVRDP
6xr8,6121.0,2,561,599,39,3.92,PFQQFGRDIADTTDAVRDPQTLEILDITPCSFGGVSVIT
6xr8,6125.0,2,641,679,39,8.04,NVFQTRAGCLIGAEHVNNSYECDIPIGAGICASYQTQTN
6xr8,6133.0,2,801,839,39,5.92,NFSQILPDPSKPSKRSFIEDLLFNKVTLADAGFIKQYGD
6xr8,6137.0,2,881,919,39,3.81,TITSGWTFGAGAALQIPFAMQMAYRFNGIGVTQNVLYEN
6xr8,6147.0,2,1081,1119,39,3.81,ICHDGKAHFPREGVFVSNGTHWFVTQRNFYEPQIITTDN
6xr8,6150.0,2,1141,1179,39,10.15,LQPELDSFKEELDKYFKNHTSPDVDLGDISGINASVVNI
6xr8,6097.0,3,81,119,39,4.33,NPVLPFNDGVYFASTEKSNIIRGWIFGTTLDSKTQSLLI
6xr8,6099.0,3,121,159,39,6.67,NNATNVVIKVCEFQFCNDPFLGVYYHKNNKSWMESEFRV
6xr8,6102.0,3,181,219,39,6.67,GKQGNFKNLREFVFKNIDGYFKIYSKHTPINLVRDLPQG
6xr8,6116.0,3,461,499,39,6.67,LKPFERDISTEIYQAGSTPCNGVEGFNCYFPLQSYGFQP
6xr8,6125.0,3,641,679,39,9.0,NVFQTRAGCLIGAEHVNNSYECDIPIGAGICASYQTQTN
6xr8,6127.0,3,681,719,39,5.27,PRRARSVASQSIIAYTMSLGAENSVAYSNNSIAIPTNFT
6xr8,6128.0,3,701,739,39,11.34,AENSVAYSNNSIAIPTNFTISVTTEILPVSMTKTSVDCT
6xr8,6133.0,3,801,839,39,16.02,NFSQILPDPSKPSKRSFIEDLLFNKVTLADAGFIKQYGD
6xr8,6137.0,3,881,919,39,4.33,TITSGWTFGAGAALQIPFAMQMAYRFNGIGVTQNVLYEN
6xr8,6146.0,3,1061,1099,39,6.67,VFLHVTYVPAQEKNFTTAPAICHDGKAHFPREGVFVSNG
6xr8,6149.0,3,1121,1159,39,5.18,FVSGNCDVVIGIVNNTVYDPLQPELDSFKEELDKYFKNH
6xr8,6154.0,3,1221,1259,39,4.33,IAGLIAIVMVTIMLCCMTSCCSCLKGCCSCGSCCKFDED
6xr8,6094.0,4,21,59,39,4.19,RTQLPPAYTNSFTRGVYYPDKVFRSSVLHSTQDLFLPFF
6xr8,6104.0,4,221,259,39,4.41,SALEPLVDLPIGINITRFQTLLALHRSYLTPGDSSSGWT
6xr8,6150.0,4,1141,1179,39,5.42,LQPELDSFKEELDKYFKNHTSPDVDLGDISGINASVVNI
6xr8,6097.0,5,81,119,39,5.35,NPVLPFNDGVYFASTEKSNIIRGWIFGTTLDSKTQSLLI
6xr8,6108.0,5,301,339,39,5.44,CTLKSFTVEKGIYQTSNFRVQPTESIVRFPNITNLCPFG
6xr8,6112.0,5,381,419,39,5.35,GVSPTKLNDLCFTNVYADSFVIRGDEVRQIAPGQTGKIA
FOLD1,9299.0,0,161,199,39,4.18,LPQGTTLPKGFYAEGSRGGSQASSRSSSRSRNSSRNSTP
FOLD1,9292.0,2,21,59,39,3.81,SDSTGSNQNGERSGARSKQRRPQGLPNNTASWFTALTQH
FOLD1,9302.0,2,221,259,39,5.92,LLLLDRLNQLESKMSGKGQQQQGQTVTKKSAAEASKKPR
FOLD1,9303.0,2,241,279,39,18.89,QQGQTVTKKSAAEASKKPRQKRTATKAYNVTQAFGRRGP
FOLD1,9309.0,2,361,399,39,5.92,KTFPPTEPKKDKKKKADETQALPQRQKKQQTVTLLPAAD
FOLD1,9291.0,3,1,39,39,7.73,MSDNGPQNQRNAPRITFGGPSDSTGSNQNGERSGARSKQ
FOLD1,9292.0,3,21,59,39,4.33,SDSTGSNQNGERSGARSKQRRPQGLPNNTASWFTALTQH
FOLD1,9302.0,3,221,259,39,27.71,LLLLDRLNQLESKMSGKGQQQQGQTVTKKSAAEASKKPR
FOLD1,9303.0,3,241,279,39,5.32,QQGQTVTKKSAAEASKKPRQKRTATKAYNVTQAFGRRGP
FOLD1,9310.0,3,381,419,39,7.73,ALPQRQKKQQTVTLLPAADLDDFSKQLQQSMSSADSTQA
FOLD1,9299.0,4,161,199,39,4.44,LPQGTTLPKGFYAEGSRGGSQASSRSSSRSRNSSRNSTP
FOLD1,9309.0,5,361,399,39,7.28,KTFPPTEPKKDKKKKADETQALPQRQKKQQTVTLLPAAD
